Location,Experiment,Date,IR.mday,Surface.NO3,Surface.NO2,Surface.NH4,Surface.DOC,Depth.NO3,Depth.NO2,Depth.NH4,Depth.DOC,Depth.cm,C,N,Pct.Clay,Pct.Silt,Pct.Sand,d.10,d.50,d.90,N.Rmv,Frac.Rmv,Load.Red,Load.Red.Norm,RT.Days,NO3.Rmv,NO3.Frac.Rmv,NO3.Load.Red
KTR,Perc,7/18/16,0.220,23.930,0.000,0.000,1.940,23.410,0.000,0.000,4.620,80.000,0.567,0.053,18.443,29.163,52.394,2.146,58.544,258.334,0.520,0.022,0.114,0.005,3.638,0.520,0.022,0.114
KTR,Perc,7/19/16,0.214,25.840,0.000,0.000,2.260,24.570,0.000,0.080,2.700,80.000,0.567,0.053,18.443,29.163,52.394,2.146,58.544,258.334,1.200,0.046,0.256,0.011,3.734,1.270,0.049,0.272
KTR,Perc,7/20/16,0.204,23.040,0.000,0.000,2.340,20.680,0.000,0.000,2.620,80.000,0.567,0.053,18.443,29.163,52.394,2.146,58.544,258.334,2.360,0.102,0.482,0.021,3.920,2.360,0.102,0.481
KTR,Perc,7/21/16,0.201,23.250,0.000,0.000,1.890,22.860,0.000,0.000,2.610,80.000,0.567,0.053,18.443,29.163,52.394,2.146,58.544,258.334,0.390,0.017,0.078,0.003,3.982,0.390,0.017,0.078
KTR,Perc,7/22/16,0.194,23.990,0.000,0.000,1.700,22.360,0.000,0.000,1.240,80.000,0.567,0.053,18.443,29.163,52.394,2.146,58.544,258.334,1.640,0.068,0.318,0.013,4.118,1.630,0.068,0.316
KTR,Perc,7/24/16,0.180,24.380,0.000,0.000,1.940,24.740,0.000,0.000,2.280,80.000,0.567,0.053,18.443,29.163,52.394,2.146,58.544,258.334,-0.360,-0.015,-0.065,-0.003,4.456,-0.360,-0.015,-0.065
KTR,Col,7/20/17,0.210,30.990,0.010,0.020,27.680,28.380,0.020,0.040,29.790,90.000,0.574,0.050,21.327,34.473,44.201,1.730,40.948,218.353,2.580,0.083,0.542,0.018,4.286,2.610,0.084,0.548
KTR,Col,7/24/17,0.180,31.290,0.010,0.040,28.130,29.790,0.010,0.030,28.820,90.000,0.574,0.050,21.327,34.473,44.201,1.730,40.948,218.353,1.510,0.048,0.271,0.009,5.000,1.500,0.048,0.270
KTR,Col,7/25/17,0.180,31.090,0.010,0.040,26.300,28.670,0.030,0.030,30.190,90.000,0.574,0.050,21.327,34.473,44.201,1.730,40.948,218.353,2.410,0.078,0.435,0.014,5.000,2.420,0.078,0.436
KTR,Col,7/26/17,0.180,31.790,0.010,0.080,23.530,28.980,0.020,0.050,26.880,90.000,0.574,0.050,21.327,34.473,44.201,1.730,40.948,218.353,2.830,0.089,0.509,0.016,5.000,2.810,0.088,0.506
KTR,Col,7/28/17,0.170,31.090,0.010,0.030,26.740,29.260,0.040,0.030,27.810,90.000,0.574,0.050,21.327,34.473,44.201,1.730,40.948,218.353,1.800,0.058,0.307,0.010,5.294,1.830,0.059,0.311
KTR,Col,7/31/17,0.170,31.090,0.010,0.040,28.950,29.080,0.020,0.040,30.420,90.000,0.574,0.050,21.327,34.473,44.201,1.730,40.948,218.353,2.000,0.064,0.340,0.011,5.294,2.010,0.065,0.342
KTR,Col,8/1/17,0.110,31.190,0.010,0.030,28.180,28.810,0.090,0.040,30.850,90.000,0.574,0.050,21.327,34.473,44.201,1.730,40.948,218.353,2.290,0.073,0.252,0.008,8.182,2.380,0.076,0.262
KTR,Col,8/2/17,0.170,31.290,0.010,0.030,27.930,29.930,0.070,0.040,30.370,90.000,0.574,0.050,21.327,34.473,44.201,1.730,40.948,218.353,1.290,0.041,0.220,0.007,5.294,1.360,0.043,0.231
KTR,Col,8/3/17,0.170,32.890,0.010,0.030,28.210,29.080,0.020,0.030,33.090,90.000,0.574,0.050,21.327,34.473,44.201,1.730,40.948,218.353,3.790,0.115,0.645,0.020,5.294,3.810,0.116,0.648
KTR,Col,8/4/17,0.140,30.990,0.010,0.060,27.290,29.070,0.030,0.030,31.440,90.000,0.574,0.050,21.327,34.473,44.201,1.730,40.948,218.353,1.930,0.062,0.270,0.009,6.429,1.920,0.062,0.269
KTR,Col,8/7/17,0.160,31.970,0.030,0.040,28.610,30.380,0.020,0.030,33.170,90.000,0.574,0.050,21.327,34.473,44.201,1.730,40.948,218.353,1.610,0.050,0.257,0.008,5.625,1.590,0.050,0.254
KTR,Col,8/8/17,0.160,32.280,0.020,0.040,29.070,28.980,0.020,0.030,37.940,90.000,0.574,0.050,21.327,34.473,44.201,1.730,40.948,218.353,3.310,0.102,0.530,0.016,5.625,3.300,0.102,0.528
KTR,Col,8/9/17,0.160,32.090,0.010,0.040,29.170,29.580,0.020,0.040,31.980,90.000,0.574,0.050,21.327,34.473,44.201,1.730,40.948,218.353,2.500,0.078,0.400,0.012,5.625,2.510,0.078,0.402
KTR,Col,8/28/17,0.700,32.560,0.060,-0.010,27.190,31.900,0.060,0.030,28.200,90.000,0.574,0.050,21.327,34.473,44.201,1.730,40.948,218.353,0.620,0.019,0.431,0.014,1.286,0.660,0.020,0.462
KTR,Col,8/30/17,0.700,33.600,0.060,0.000,26.750,32.010,0.120,-0.010,25.280,90.000,0.574,0.050,21.327,34.473,44.201,1.730,40.948,218.353,1.540,0.046,1.076,0.033,1.286,1.590,0.047,1.113
KTR,Col,9/1/17,0.690,30.770,0.060,-0.060,26.990,25.550,0.070,-0.050,25.620,90.000,0.574,0.050,21.327,34.473,44.201,1.730,40.948,218.353,5.210,0.169,3.592,0.117,1.304,5.220,0.170,3.602
KTR,Col,9/5/17,0.690,29.730,0.060,0.040,23.530,32.140,0.060,-0.050,26.250,90.000,0.574,0.050,21.327,34.473,44.201,1.730,40.948,218.353,-2.310,-0.078,-1.597,-0.056,1.304,-2.410,-0.081,-1.663
KTR,Col,9/6/17,0.990,30.770,0.060,-0.070,28.040,30.720,0.100,-0.070,26.200,90.000,0.574,0.050,21.327,34.473,44.201,1.730,40.948,218.353,0.010,0.000,0.014,0.002,0.909,0.050,0.002,0.050
KTR,Col,9/11/17,0.750,31.010,0.060,-0.050,NA,30.600,0.070,0.010,31.750,90.000,0.574,0.050,21.327,34.473,44.201,1.730,40.948,218.353,0.340,0.011,0.252,0.010,1.200,0.410,0.013,0.308
KTR,Col,9/12/17,0.750,30.950,0.060,-0.060,39.370,30.510,0.190,-0.080,35.460,90.000,0.574,0.050,21.327,34.473,44.201,1.730,40.948,218.353,0.330,0.011,0.246,0.011,1.200,0.440,0.014,0.330
KTR,Col,9/15/17,0.720,30.990,0.010,-0.010,34.010,32.780,0.020,-0.020,33.920,90.000,0.574,0.050,21.327,34.473,44.201,1.730,40.948,218.353,-1.800,-0.058,-1.294,-0.042,1.250,-1.790,-0.058,-1.289
KTR,Col,9/19/17,0.720,33.190,0.010,-0.050,36.440,33.270,0.030,-0.060,36.580,90.000,0.574,0.050,21.327,34.473,44.201,1.730,40.948,218.353,-0.090,-0.003,-0.064,-0.002,1.250,-0.080,-0.002,-0.058
KTR,Col,9/20/17,0.720,32.990,0.010,0.070,35.030,32.600,0.100,0.030,35.770,90.000,0.574,0.050,21.327,34.473,44.201,1.730,40.948,218.353,0.340,0.010,0.246,0.008,1.250,0.390,0.012,0.281
HSP,Perc-TP3,8/17/15,2.000,22.000,0.193,0.262,27.670,23.700,0.437,3.345,28.638,30.000,0.044,0.006,2.112,4.284,93.604,130.829,237.335,399.203,-5.100,-0.228,-10.419,-0.165,0.147,-1.700,-0.077,-3.400
HSP,Perc-TP3,8/18/15,2.800,23.200,0.000,0.061,25.455,23.600,0.109,0.298,26.343,30.000,0.044,0.006,2.112,4.284,93.604,130.829,237.335,399.203,-0.730,-0.031,-2.018,-0.046,0.109,-0.400,-0.017,-1.120
HSP,Perc-TP3,8/20/15,3.200,22.300,0.000,0.090,26.570,22.300,0.296,0.816,26.525,55.000,0.044,0.006,2.112,4.284,93.604,130.829,237.335,399.203,-1.020,-0.046,-3.299,0.000,0.170,0.000,0.000,0.000
HSP,Perc-TP3,8/21/15,2.900,24.500,0.147,0.116,27.255,23.500,0.053,4.486,20.874,30.000,0.044,0.006,2.112,4.284,93.604,130.829,237.335,399.203,-3.360,-0.136,-9.670,0.108,0.104,1.000,0.041,2.900
HSP,Perc-TP3,8/23/15,2.500,23.100,0.000,0.249,25.415,22.700,0.487,3.040,26.898,55.000,0.044,0.006,2.112,4.284,93.604,130.829,237.335,399.203,-2.940,-0.126,-7.206,0.036,0.224,0.400,0.017,1.000
HSP,Perc-TP3,8/25/15,1.600,24.700,0.000,0.000,25.160,23.300,0.000,0.016,24.838,55.000,0.044,0.006,2.112,4.284,93.604,130.829,237.335,399.203,1.440,0.058,2.344,0.096,0.338,1.400,0.057,2.240
STR,Col,2/21/18,0.340,2.632,0.008,0.003,1.138,0.008,0.003,1.138,9.531,90.000,0.178,0.000,15.603,16.254,68.144,2.575,170.601,418.031,1.490,0.566,0.508,0.339,2.647,2.625,0.997,0.892
STR,Col,2/22/18,0.660,2.621,0.009,0.005,1.270,0.009,0.005,1.270,2.934,90.000,0.178,0.000,15.603,16.254,68.144,2.575,170.601,418.031,1.350,0.513,0.892,0.658,1.364,2.612,0.997,1.724
STR,Col,2/23/18,0.350,2.640,0.010,0.026,1.536,0.010,0.026,1.536,2.944,90.000,0.178,0.000,15.603,16.254,68.144,2.575,170.601,418.031,1.100,0.413,0.386,0.349,2.571,2.630,0.996,0.921
STR,Col,2/26/18,0.340,2.550,0.010,0.003,1.215,0.010,0.003,1.215,2.259,90.000,0.178,0.000,15.603,16.254,68.144,2.575,170.601,418.031,1.330,0.521,0.454,0.339,2.647,2.539,0.996,0.863
STR,Col,2/27/18,0.330,2.572,0.008,0.007,1.163,0.008,0.007,1.163,2.756,90.000,0.178,0.000,15.603,16.254,68.144,2.575,170.601,418.031,1.410,0.545,0.465,0.329,2.727,2.564,0.997,0.846
STR,Col,2/28/18,0.330,2.722,0.008,0.039,1.708,0.008,0.039,1.708,2.333,90.000,0.178,0.000,15.603,16.254,68.144,2.575,170.601,418.031,1.010,0.366,0.335,0.329,2.727,2.714,0.997,0.896
STR,Col,3/1/18,0.330,2.629,0.011,0.013,1.412,0.011,0.013,1.412,2.627,90.000,0.178,0.000,15.603,16.254,68.144,2.575,170.601,418.031,1.220,0.459,0.402,0.329,2.727,2.618,0.996,0.864
STR,Col,3/2/18,0.330,2.762,0.008,0.007,1.225,0.008,0.007,1.225,2.318,90.000,0.178,0.000,15.603,16.254,68.144,2.575,170.601,418.031,1.540,0.553,0.507,0.329,2.727,2.755,0.997,0.909
STR,Col,3/6/18,0.330,2.859,0.011,0.004,1.219,0.011,0.004,1.219,1.430,90.000,0.178,0.000,15.603,16.254,68.144,2.575,170.601,418.031,1.640,0.571,0.541,0.329,2.727,2.848,0.996,0.940
STR,Col,3/7/18,0.330,2.830,0.010,0.009,1.274,0.010,0.009,1.274,2.013,90.000,0.178,0.000,15.603,16.254,68.144,2.575,170.601,418.031,1.560,0.546,0.513,0.329,2.727,2.819,0.996,0.930
STR,Col,3/8/18,0.320,1.853,0.017,0.031,1.408,0.017,0.031,1.408,1.368,90.000,0.178,0.000,15.603,16.254,68.144,2.575,170.601,418.031,0.450,0.234,0.142,0.317,2.813,1.836,0.991,0.588
STR,Col,3/9/18,0.320,2.871,0.009,-0.002,1.010,0.009,-0.002,1.010,1.291,90.000,0.178,0.000,15.603,16.254,68.144,2.575,170.601,418.031,1.860,0.647,0.596,0.319,2.813,2.863,0.997,0.916
STR,Col,3/12/18,0.470,2.772,0.008,0.038,1.381,0.008,0.038,1.381,1.722,90.000,0.178,0.000,15.603,16.254,68.144,2.575,170.601,418.031,1.390,0.494,0.654,0.469,1.915,2.764,0.997,1.299
STR,Col,3/13/18,0.460,2.600,0.010,0.007,1.598,0.010,0.007,1.598,NA,90.000,0.178,0.000,15.603,16.254,68.144,2.575,170.601,418.031,1.000,0.383,0.461,0.458,1.957,2.590,0.996,1.191
STR,Col,3/14/18,0.440,2.550,0.010,0.019,1.447,0.010,0.019,1.447,1.549,90.000,0.178,0.000,15.603,16.254,68.144,2.575,170.601,418.031,1.100,0.428,0.485,0.438,2.045,2.540,0.996,1.117
STR,Col,3/15/18,0.460,2.460,0.010,0.024,1.460,0.010,0.024,1.460,NA,90.000,0.178,0.000,15.603,16.254,68.144,2.575,170.601,418.031,1.000,0.401,0.460,0.458,1.957,2.450,0.996,1.127
STR,Col,3/16/18,0.440,2.540,0.010,0.009,1.078,0.010,0.009,1.078,1.132,90.000,0.178,0.000,15.603,16.254,68.144,2.575,170.601,418.031,1.460,0.571,0.643,0.438,2.045,2.530,0.996,1.113
STR,Col,3/19/18,0.750,2.210,0.010,0.057,1.557,0.010,0.057,1.557,1.375,90.000,0.178,0.000,15.603,16.254,68.144,2.575,170.601,418.031,0.650,0.287,0.490,0.747,1.200,2.200,0.995,1.650
STR,Col,3/20/18,0.740,2.500,0.010,0.028,1.345,0.010,0.028,1.345,1.386,90.000,0.178,0.000,15.603,16.254,68.144,2.575,170.601,418.031,1.160,0.455,0.855,0.737,1.216,2.490,0.996,1.843
STR,Col,3/21/18,0.700,2.478,0.012,0.020,2.855,0.012,0.020,2.855,1.317,90.000,0.178,0.000,15.603,16.254,68.144,2.575,170.601,418.031,-0.380,-0.150,-0.264,0.697,1.286,2.465,0.995,1.726
STR,Col,3/22/18,0.700,2.375,0.015,0.040,1.187,0.015,0.040,1.187,1.312,90.000,0.178,0.000,15.603,16.254,68.144,2.575,170.601,418.031,1.190,0.489,0.831,0.695,1.286,2.359,0.994,1.651
STR,Col,3/23/18,0.670,2.585,0.015,0.020,1.230,0.015,0.020,1.230,1.331,90.000,0.178,0.000,15.603,16.254,68.144,2.575,170.601,418.031,1.350,0.517,0.908,0.666,1.343,2.570,0.994,1.722
STR,Col,3/26/18,1.110,7.310,0.102,0.170,2.059,0.102,0.170,2.059,1.856,90.000,0.178,0.000,15.603,16.254,68.144,2.575,170.601,418.031,5.250,0.693,5.829,1.095,0.811,7.208,0.986,8.001
STR,Col,3/27/18,1.110,3.486,0.014,0.019,2.040,0.014,0.019,2.040,1.806,90.000,0.178,0.000,15.603,16.254,68.144,2.575,170.601,418.031,1.450,0.411,1.605,1.106,0.811,3.473,0.996,3.855
STR,Col,3/28/18,1.130,3.317,0.013,0.009,3.667,0.013,0.009,3.667,3.345,90.000,0.178,0.000,15.603,16.254,68.144,2.575,170.601,418.031,-0.350,-0.105,-0.396,1.125,0.796,3.303,0.996,3.733
STR,Col,3/29/18,1.120,3.066,0.014,0.044,3.607,0.014,0.044,3.607,1.842,90.000,0.178,0.000,15.603,16.254,68.144,2.575,170.601,418.031,-0.540,-0.173,-0.606,1.115,0.804,3.053,0.996,3.419
STR,Col,3/30/18,1.120,3.236,0.014,0.033,3.363,0.014,0.033,3.363,3.365,90.000,0.178,0.000,15.603,16.254,68.144,2.575,170.601,418.031,-0.130,-0.039,-0.142,1.115,0.804,3.222,0.996,3.609
STR,Col,4/2/18,1.070,3.163,0.017,0.180,3.579,0.017,0.180,3.579,3.239,90.000,0.178,0.000,15.603,16.254,68.144,2.575,170.601,418.031,-0.420,-0.124,-0.445,1.064,0.841,3.146,0.995,3.366
STR,Col,4/3/18,1.410,NA,NA,NA,3.244,NA,NA,3.244,3.169,90.000,0.178,0.000,15.603,16.254,68.144,2.575,170.601,418.031,#VALUE!,#VALUE!,#VALUE!,#VALUE!,0.638,#VALUE!,#VALUE!,#VALUE!
STR,Col,4/5/18,1.340,3.111,0.019,0.038,2.045,0.019,0.038,2.045,1.623,90.000,0.178,0.000,15.603,16.254,68.144,2.575,170.601,418.031,1.070,0.336,1.428,1.332,0.672,3.092,0.994,4.143
STR,Col,4/6/18,1.350,3.173,0.017,-0.065,1.570,0.017,-0.065,1.570,1.440,90.000,0.178,0.000,15.603,16.254,68.144,2.575,170.601,418.031,1.600,0.513,2.164,1.343,0.667,3.156,0.995,4.260
STR,Col,4/9/18,1.260,3.299,0.021,-0.009,1.669,0.021,-0.009,1.669,1.727,90.000,0.178,0.000,15.603,16.254,68.144,2.575,170.601,418.031,1.630,0.492,2.054,1.252,0.714,3.278,0.994,4.130
STR,Col,4/10/18,1.250,3.220,0.020,0.005,1.797,0.020,0.005,1.797,1.587,90.000,0.178,0.000,15.603,16.254,68.144,2.575,170.601,418.031,1.420,0.438,1.778,1.242,0.720,3.199,0.994,3.999
STR,Col,4/11/18,0.870,3.340,0.020,-0.026,1.705,0.020,-0.026,1.705,1.715,90.000,0.178,0.000,15.603,16.254,68.144,2.575,170.601,418.031,1.640,0.490,1.422,0.865,1.034,3.320,0.994,2.888
STR,Col,4/12/18,0.920,NA,NA,NA,1.780,NA,NA,1.780,1.581,90.000,0.178,0.000,15.603,16.254,68.144,2.575,170.601,418.031,#VALUE!,#VALUE!,#VALUE!,#VALUE!,0.978,#VALUE!,#VALUE!,#VALUE!
STR,Col,4/13/18,0.910,3.313,0.017,-0.018,1.859,0.017,-0.018,1.859,1.684,90.000,0.178,0.000,15.603,16.254,68.144,2.575,170.601,418.031,1.450,0.439,1.323,0.905,0.989,3.296,0.995,2.999
STR,Col,4/16/18,0.890,3.327,0.023,0.020,3.079,0.023,0.020,3.079,2.960,90.000,0.178,0.000,15.603,16.254,68.144,2.575,170.601,418.031,0.250,0.073,0.220,0.884,1.011,3.303,0.993,2.940
STR,Col,4/17/18,0.870,2.994,0.016,0.007,3.059,0.016,0.007,3.059,2.869,90.000,0.178,0.000,15.603,16.254,68.144,2.575,170.601,418.031,-0.060,-0.021,-0.056,0.865,1.034,2.979,0.995,2.591
STR,Col,4/18/18,0.850,3.156,0.014,-0.006,3.153,0.014,-0.006,3.153,2.575,90.000,0.178,0.000,15.603,16.254,68.144,2.575,170.601,418.031,0.000,0.001,0.002,0.846,1.059,3.141,0.995,2.670
STR,Col,4/19/18,0.840,3.116,0.014,-0.007,3.238,0.014,-0.007,3.238,2.824,90.000,0.178,0.000,15.603,16.254,68.144,2.575,170.601,418.031,-0.120,-0.039,-0.102,0.836,1.071,3.103,0.996,2.606
KTYA,Col,5/28/18,0.430,2.956,0.015,0.027,1.835,0.716,0.099,0.090,5.017,90.000,0.358,0.025,7.622,9.665,82.714,8.218,265.321,501.676,2.090,0.698,0.900,0.326,2.093,2.240,0.758,0.963
KTYA,Col,5/29/18,0.210,3.038,0.012,0.019,1.679,0.065,0.088,0.058,5.624,90.000,0.358,0.025,7.622,9.665,82.714,8.218,265.321,501.676,2.860,0.931,0.600,0.206,4.286,2.973,0.979,0.624
KTYA,Col,5/30/18,0.210,2.970,0.012,0.018,1.613,-0.161,0.019,0.066,5.485,90.000,0.358,0.025,7.622,9.665,82.714,8.218,265.321,501.676,3.080,1.025,0.646,0.221,4.286,3.131,1.054,0.657
KTYA,Col,5/31/18,0.320,2.983,0.014,0.015,1.934,-0.144,0.015,0.075,5.474,90.000,0.358,0.025,7.622,9.665,82.714,8.218,265.321,501.676,3.070,1.018,0.981,0.335,2.813,3.128,1.048,1.001
KTYA,Col,6/1/18,0.330,3.014,0.005,0.028,1.571,0.216,0.049,0.032,4.874,90.000,0.358,0.025,7.622,9.665,82.714,8.218,265.321,501.676,2.750,0.903,0.908,0.306,2.727,2.799,0.928,0.924
KTYA,Col,6/4/18,0.310,3.064,0.005,0.046,1.470,0.367,0.055,0.097,4.868,90.000,0.358,0.025,7.622,9.665,82.714,8.218,265.321,501.676,2.600,0.833,0.804,0.273,2.903,2.696,0.880,0.836
KTYA,Col,6/5/18,0.470,3.097,0.008,0.029,1.423,0.939,0.084,0.118,4.013,90.000,0.358,0.025,7.622,9.665,82.714,8.218,265.321,501.676,1.990,0.636,0.937,0.328,1.915,2.159,0.697,1.015
KTYA,Col,6/6/18,0.470,3.091,0.007,0.041,1.791,1.146,0.082,0.095,3.927,90.000,0.358,0.025,7.622,9.665,82.714,8.218,265.321,501.676,1.820,0.579,0.854,0.296,1.915,1.945,0.629,0.914
KTYA,Col,6/7/18,0.460,2.964,0.008,0.028,1.686,1.405,0.079,0.107,3.572,90.000,0.358,0.025,7.622,9.665,82.714,8.218,265.321,501.676,1.410,0.470,0.648,0.242,1.957,1.559,0.526,0.717
KTYA,Col,6/8/18,0.470,3.071,0.007,0.031,1.564,1.501,0.078,0.117,3.348,90.000,0.358,0.025,7.622,9.665,82.714,8.218,265.321,501.676,1.410,0.455,0.664,0.240,1.915,1.570,0.511,0.738
KTYA,Col,6/11/18,0.490,3.027,0.005,0.038,1.558,1.410,0.099,0.160,3.431,90.000,0.358,0.025,7.622,9.665,82.714,8.218,265.321,501.676,1.400,0.456,0.686,0.262,1.837,1.617,0.534,0.792
KTYA,Col,6/12/18,0.460,3.145,0.008,0.026,1.619,1.411,0.101,0.283,3.212,90.000,0.358,0.025,7.622,9.665,82.714,8.218,265.321,501.676,1.380,0.435,0.636,0.254,1.957,1.734,0.551,0.797
KTYA,Col,6/13/18,0.470,3.152,0.005,0.030,1.024,1.330,0.121,0.195,2.523,90.000,0.358,0.025,7.622,9.665,82.714,8.218,265.321,501.676,1.540,0.483,0.724,0.272,1.915,1.822,0.578,0.856
KTYA,Col,6/14/18,0.460,3.211,0.004,0.019,1.760,1.408,0.117,0.173,3.300,90.000,0.358,0.025,7.622,9.665,82.714,8.218,265.321,501.676,1.540,0.475,0.706,0.258,1.957,1.803,0.561,0.829
KTYA,Col,6/15/18,0.450,3.148,0.004,0.010,1.697,1.460,0.113,0.176,3.465,90.000,0.358,0.025,7.622,9.665,82.714,8.218,265.321,501.676,1.410,0.447,0.635,0.241,2.000,1.687,0.536,0.759
KTYA,Col,6/18/18,0.440,3.173,0.009,0.045,1.327,1.812,0.127,0.166,2.014,90.000,0.358,0.025,7.622,9.665,82.714,8.218,265.321,501.676,1.120,0.348,0.494,0.189,2.045,1.362,0.429,0.599
KTYA,Col,6/19/18,0.630,NA,NA,NA,1.843,1.996,0.114,0.147,2.644,90.000,0.358,0.025,7.622,9.665,82.714,8.218,265.321,501.676,#VALUE!,#VALUE!,#VALUE!,,1.429,#VALUE!,#VALUE!,#VALUE!
KTYA,Col,6/20/18,0.630,3.021,0.007,0.036,1.300,2.321,0.111,0.133,2.351,90.000,0.358,0.025,7.622,9.665,82.714,8.218,265.321,501.676,0.500,0.163,0.314,0.146,1.429,0.700,0.232,0.441
KTYA,Col,6/21/18,0.620,2.937,0.003,0.012,0.929,2.396,0.119,0.167,2.398,90.000,0.358,0.025,7.622,9.665,82.714,8.218,265.321,501.676,0.270,0.092,0.168,0.114,1.452,0.541,0.184,0.336
KTYA,Col,6/22/18,0.610,3.110,0.010,0.025,1.584,2.284,0.136,0.151,2.386,90.000,0.358,0.025,7.622,9.665,82.714,8.218,265.321,501.676,0.570,0.183,0.350,0.162,1.475,0.826,0.266,0.504
KTYA,Col,6/25/18,0.590,3.266,0.014,0.041,1.574,2.333,0.147,0.139,2.453,90.000,0.358,0.025,7.622,9.665,82.714,8.218,265.321,501.676,0.700,0.211,0.414,0.168,1.525,0.933,0.286,0.550
KTYA,Col,6/27/18,0.840,3.305,0.015,0.011,1.670,2.985,0.075,0.099,2.352,90.000,0.358,0.025,7.622,9.665,82.714,8.218,265.321,501.676,0.170,0.052,0.145,0.081,1.071,0.320,0.097,0.269
KTYA,Col,6/28/18,0.840,3.176,0.015,0.037,1.627,3.113,0.067,0.110,1.485,90.000,0.358,0.025,7.622,9.665,82.714,8.218,265.321,501.676,-0.060,-0.020,-0.053,0.017,1.071,0.063,0.020,0.053
KTYA,Col,6/29/18,0.810,3.266,0.014,0.045,1.530,2.945,0.085,0.094,1.569,90.000,0.358,0.025,7.622,9.665,82.714,8.218,265.321,501.676,0.200,0.060,0.163,0.080,1.111,0.322,0.098,0.261
KTYA,Col,7/2/18,0.780,3.171,0.009,0.024,0.988,2.950,0.081,0.083,1.560,90.000,0.358,0.025,7.622,9.665,82.714,8.218,265.321,501.676,0.090,0.028,0.071,0.055,1.154,0.222,0.070,0.173
KTYA,Col,7/3/18,0.770,3.100,0.009,0.039,0.859,2.891,0.080,0.083,1.651,90.000,0.358,0.025,7.622,9.665,82.714,8.218,265.321,501.676,0.100,0.030,0.074,0.052,1.169,0.210,0.068,0.162
KTYA,Col,7/4/18,0.810,3.183,0.006,0.015,1.288,2.715,0.066,0.051,1.420,90.000,0.358,0.025,7.622,9.665,82.714,8.218,265.321,501.676,0.370,0.116,0.302,0.119,1.111,0.468,0.147,0.379
KTYA,Col,7/5/18,0.760,3.051,0.009,0.035,0.930,2.851,0.079,0.096,1.543,90.000,0.358,0.025,7.622,9.665,82.714,8.218,265.321,501.676,0.070,0.022,0.052,0.050,1.184,0.200,0.066,0.152
KTYA,Col,7/9/18,0.830,3.163,0.007,0.007,0.953,3.078,0.082,0.088,1.490,90.000,0.358,0.025,7.622,9.665,82.714,8.218,265.321,501.676,-0.070,-0.022,-0.059,0.022,1.084,0.085,0.027,0.071
KTYA,Col,7/10/18,1.090,3.102,0.008,0.024,2.149,2.630,0.030,0.045,1.543,90.000,0.358,0.025,7.622,9.665,82.714,8.218,265.321,501.676,0.430,0.137,0.467,0.166,0.826,0.472,0.152,0.514
KTYA,Col,7/11/18,1.090,3.082,0.008,-0.006,0.727,3.255,0.025,0.046,1.301,90.000,0.358,0.025,7.622,9.665,82.714,8.218,265.321,501.676,-0.240,-0.078,-0.263,-0.061,0.826,-0.173,-0.056,-0.188
KTYA,Col,7/12/18,1.050,3.142,0.008,0.025,0.937,3.009,0.031,0.023,1.159,90.000,0.358,0.025,7.622,9.665,82.714,8.218,265.321,501.676,0.110,0.035,0.117,0.044,0.857,0.133,0.042,0.139
KTYA,Col,7/13/18,1.020,3.122,0.008,0.041,1.807,2.984,0.026,0.060,1.328,90.000,0.358,0.025,7.622,9.665,82.714,8.218,265.321,501.676,0.100,0.032,0.104,0.045,0.882,0.138,0.044,0.141
KTYA,Col,7/16/18,1.100,3.012,0.008,0.059,1.162,2.610,0.060,0.016,2.143,90.000,0.358,0.025,7.622,9.665,82.714,8.218,265.321,501.676,0.390,0.128,0.433,0.147,0.818,0.401,0.133,0.442
KTYA,Col,7/19/18,1.130,3.151,-0.001,0.013,1.348,3.284,0.006,0.026,1.439,90.000,0.358,0.025,7.622,9.665,82.714,8.218,265.321,501.676,-0.150,-0.048,-0.172,-0.048,0.796,-0.133,-0.042,-0.150
KTYA,Col,7/20/18,1.100,3.152,-0.002,-0.027,NA,3.255,0.005,0.038,NA,90.000,0.358,0.025,7.622,9.665,82.714,8.218,265.321,501.676,-0.180,-0.056,-0.193,-0.036,0.818,-0.104,-0.033,-0.114
KTYA,Col,7/23/18,1.060,3.111,-0.001,-0.021,1.322,3.315,0.005,0.012,0.903,90.000,0.358,0.025,7.622,9.665,82.714,8.218,265.321,501.676,-0.240,-0.079,-0.258,-0.070,0.849,-0.204,-0.066,-0.216
KTYA,Col,7/24/18,1.280,3.171,-0.001,-0.018,1.283,3.174,0.006,-0.014,1.403,90.000,0.358,0.025,7.622,9.665,82.714,8.218,265.321,501.676,-0.010,-0.004,-0.017,-0.001,0.703,-0.003,-0.001,-0.004
KTYA,Col,7/25/18,1.220,3.101,-0.001,0.005,NA,3.275,0.005,0.014,1.046,90.000,0.358,0.025,7.622,9.665,82.714,8.218,265.321,501.676,-0.190,-0.061,-0.230,-0.068,0.738,-0.174,-0.056,-0.212
KTYA,Col,7/26/18,1.210,3.091,-0.001,0.057,NA,3.145,0.005,0.070,NA,90.000,0.358,0.025,7.622,9.665,82.714,8.218,265.321,501.676,-0.070,-0.023,-0.088,-0.021,0.744,-0.054,-0.017,-0.065
KTYA,Col,7/27/18,1.180,3.211,-0.001,-0.015,NA,3.224,0.006,0.013,1.285,90.000,0.358,0.025,7.622,9.665,82.714,8.218,265.321,501.676,-0.050,-0.015,-0.056,-0.005,0.763,-0.013,-0.004,-0.016
KTYA,Col,7/30/18,1.500,3.131,-0.001,0.006,1.021,3.175,0.005,-0.014,1.317,90.000,0.358,0.025,7.622,9.665,82.714,8.218,265.321,501.676,-0.030,-0.010,-0.045,-0.021,0.600,-0.044,-0.014,-0.066
KTYA,Col,7/31/18,1.430,3.171,0.009,0.023,0.979,3.137,0.013,0.028,1.138,90.000,0.358,0.025,7.622,9.665,82.714,8.218,265.321,501.676,0.030,0.008,0.036,0.015,0.629,0.034,0.011,0.048
KTYA,Col,8/1/18,0.620,3.264,0.006,0.025,1.081,3.078,0.032,0.028,2.031,90.000,0.358,0.025,7.622,9.665,82.714,8.218,265.321,501.676,0.160,0.048,0.097,0.035,1.452,0.186,0.057,0.115
KTYA,Col,8/2/18,0.630,3.181,0.009,0.020,0.882,2.867,0.053,0.023,1.285,90.000,0.358,0.025,7.622,9.665,82.714,8.218,265.321,501.676,0.270,0.083,0.168,0.062,1.429,0.313,0.099,0.197
KTYA,Col,8/3/18,0.440,3.205,0.007,0.018,1.125,2.542,0.118,0.038,1.374,90.000,0.358,0.025,7.622,9.665,82.714,8.218,265.321,501.676,0.530,0.165,0.234,0.091,2.045,0.663,0.207,0.292
KTYA,Col,8/5/18,0.440,3.172,0.008,0.019,0.673,2.400,0.160,0.041,1.511,90.000,0.358,0.025,7.622,9.665,82.714,8.218,265.321,501.676,0.600,0.187,0.263,0.107,2.045,0.772,0.243,0.340
KTYA,Col,8/7/18,0.520,5.863,0.007,0.024,1.743,5.462,0.089,0.046,2.291,90.000,0.358,0.025,7.622,9.665,82.714,8.218,265.321,501.676,0.300,0.051,0.155,0.036,1.731,0.402,0.069,0.209
KTYA,Col,8/8/18,0.560,6.045,0.004,0.036,0.936,5.890,0.038,0.046,1.208,90.000,0.358,0.025,7.622,9.665,82.714,8.218,265.321,501.676,0.110,0.018,0.062,0.014,1.607,0.154,0.026,0.086
KTYA,Col,8/9/18,0.690,5.791,0.006,0.037,0.948,5.763,0.019,0.059,1.563,90.000,0.358,0.025,7.622,9.665,82.714,8.218,265.321,501.676,-0.010,-0.001,-0.005,0.003,1.304,0.028,0.005,0.019
KTYA,Col,8/10/18,0.680,5.884,0.006,0.034,1.238,5.821,0.020,0.044,1.373,90.000,0.358,0.025,7.622,9.665,82.714,8.218,265.321,501.676,0.040,0.007,0.026,0.007,1.324,0.062,0.011,0.042
KTYA,Col,8/14/18,0.640,11.841,0.004,0.052,0.976,11.582,0.012,0.067,1.362,90.000,0.358,0.025,7.622,9.665,82.714,8.218,265.321,501.676,0.240,0.020,0.151,0.014,1.406,0.259,0.022,0.166
KTYA,Col,8/15/18,0.650,10.580,0.004,0.043,1.311,11.411,0.016,0.062,1.641,90.000,0.358,0.025,7.622,9.665,82.714,8.218,265.321,501.676,-0.860,-0.081,-0.560,-0.051,1.385,-0.831,-0.078,-0.540
KTYA,Col,8/16/18,0.420,12.175,0.005,0.045,1.058,11.881,0.056,0.055,1.326,90.000,0.358,0.025,7.622,9.665,82.714,8.218,265.321,501.676,0.230,0.019,0.098,0.010,2.143,0.294,0.024,0.124
KTYA,Col,8/17/18,0.410,11.841,0.004,0.075,1.035,NA,NA,NA,1.653,90.000,0.201,0.019,5.001,3.126,91.873,92.622,269.500,495.770,#VALUE!,#VALUE!,#VALUE!,,2.195,#VALUE!,#VALUE!,#VALUE!
HSP,MAR-1BS,1/16/08,0.570,3.620,,,30.510,3.680,,,12.050,50.000,0.201,0.019,5.001,3.126,91.873,92.622,269.500,495.770,-0.060,-0.017,-0.034,-0.009,0.877,-0.060,-0.017,-0.034
HSP,MAR-1BS,1/23/08,0.680,5.400,,,14.010,2.445,,,16.670,50.000,0.201,0.019,5.001,3.126,91.873,92.622,269.500,495.770,2.950,0.547,2.009,0.372,0.735,2.955,0.547,2.009
HSP,MAR-1BS,1/31/08,1.180,3.640,,,15.180,3.895,,,14.750,50.000,0.201,0.019,5.001,3.126,91.873,92.622,269.500,495.770,-0.250,-0.070,-0.301,-0.083,0.424,-0.255,-0.070,-0.301
HSP,MAR-1BS,2/5/08,1.160,2.220,,,3.440,2.575,,,23.210,50.000,0.201,0.019,5.001,3.126,91.873,92.622,269.500,495.770,-0.360,-0.160,-0.412,-0.186,0.431,-0.355,-0.160,-0.412
HSP,MAR-1BS,2/14/08,0.790,0.338,,,15.690,0.163,,,19.410,50.000,0.201,0.019,5.001,3.126,91.873,92.622,269.500,495.770,0.170,0.517,0.138,0.408,0.633,0.175,0.517,0.138
HSP,MAR-1CS,1/16/08,2.730,3.620,,,30.510,3.600,,,24.610,50.000,0.277,0.023,6.735,4.342,88.922,50.960,268.300,485.630,0.020,0.006,0.055,0.015,0.183,0.020,0.006,0.055
HSP,MAR-1CS,1/23/08,0.790,5.400,,,14.010,3.875,,,16.030,50.000,0.277,0.023,6.735,4.342,88.922,50.960,268.300,485.630,1.520,0.282,1.205,0.223,0.633,1.525,0.282,1.205
HSP,MAR-1CS,1/31/08,1.330,3.640,,,15.180,3.640,,,24.290,50.000,0.277,0.023,6.735,4.342,88.922,50.960,268.300,485.630,0.000,0.000,0.000,0.000,0.376,0.000,0.000,0.000
HSP,MAR-1CS,2/5/08,0.740,2.220,,,3.440,0.010,,,12.810,50.000,0.277,0.023,6.735,4.342,88.922,50.960,268.300,485.630,2.210,0.995,1.635,0.737,0.676,2.210,0.995,1.635
HSP,MAR-1DS,1/16/08,1.300,3.620,,,30.510,3.600,,,25.690,50.000,0.363,0.030,10.536,6.566,82.898,39.215,250.053,480.400,0.020,0.006,0.026,0.007,0.385,0.020,0.006,0.026
HSP,MAR-1DS,1/23/08,0.740,5.400,,,14.010,3.100,,,10.630,50.000,0.363,0.030,10.536,6.566,82.898,39.215,250.053,480.400,2.300,0.426,1.702,0.315,0.676,2.300,0.426,1.702
HSP,MAR-1DS,1/31/08,1.100,3.640,,,15.180,3.905,,,11.460,50.000,0.363,0.030,10.536,6.566,82.898,39.215,250.053,480.400,-0.270,-0.073,-0.292,-0.080,0.455,-0.265,-0.073,-0.292
HSP,MAR-1DS,2/5/08,0.940,2.220,,,3.440,2.540,,,19.510,50.000,0.363,0.030,10.536,6.566,82.898,39.215,250.053,480.400,-0.320,-0.144,-0.301,-0.136,0.532,-0.320,-0.144,-0.301
HSP,MAR-1DS,2/14/08,0.490,0.338,,,15.690,0.076,,,11.160,50.000,0.363,0.030,10.536,6.566,82.898,39.215,250.053,480.400,0.260,0.776,0.128,0.380,1.020,0.262,0.776,0.128
HSP,MAR-2BS,1/16/08,0.210,3.620,,,30.510,3.210,,,22.340,50.000,0.287,0.027,7.622,6.080,86.298,39.625,241.680,425.453,0.410,0.113,0.086,0.024,2.381,0.410,0.113,0.086
HSP,MAR-2BS,1/23/08,0.280,5.400,,,14.010,2.040,,,19.200,50.000,0.287,0.027,7.622,6.080,86.298,39.625,241.680,425.453,3.360,0.622,0.941,0.174,1.786,3.360,0.622,0.941
HSP,MAR-2BS,1/31/08,0.630,3.640,,,15.180,3.805,,,16.280,50.000,0.287,0.027,7.622,6.080,86.298,39.625,241.680,425.453,-0.170,-0.045,-0.104,-0.029,0.794,-0.165,-0.045,-0.104
HSP,MAR-2BS,2/5/08,0.660,2.220,,,3.440,2.490,,,20.990,50.000,0.287,0.027,7.622,6.080,86.298,39.625,241.680,425.453,-0.270,-0.122,-0.178,-0.080,0.758,-0.270,-0.122,-0.178
HSP,MAR-2BS,2/14/08,0.840,0.338,,,15.690,0.486,,,14.320,50.000,0.287,0.027,7.622,6.080,86.298,39.625,241.680,425.453,-0.150,-0.439,-0.125,-0.369,0.595,-0.148,-0.439,-0.125
HSP,MAR-2BS,2/21/08,0.790,0.262,,,15.100,0.160,,,13.490,50.000,0.287,0.027,7.622,6.080,86.298,39.625,241.680,425.453,0.100,0.389,0.081,0.307,0.633,0.102,0.389,0.081
HSP,MAR-2BS,2/27/08,0.580,0.963,,,13.440,0.358,,,13.700,50.000,0.287,0.027,7.622,6.080,86.298,39.625,241.680,425.453,0.600,0.628,0.351,0.364,0.862,0.605,0.628,0.351
HSP,MAR-2BS,3/5/08,0.470,0.576,,,,0.008,,,,50.000,0.287,0.027,7.622,6.080,86.298,39.625,241.680,425.453,0.570,0.987,0.267,0.464,1.064,0.568,0.987,0.267
HSP,MAR-2BS,3/12/08,0.460,0.239,,,16.670,0.007,,,12.320,50.000,0.287,0.027,7.622,6.080,86.298,39.625,241.680,425.453,0.230,0.971,0.107,0.447,1.087,0.232,0.971,0.107
HSP,MAR-2BS,3/19/08,0.570,0.281,,,21.630,0.007,,,16.210,50.000,0.474,0.042,5.571,3.907,90.522,68.727,291.250,577.193,0.270,0.975,0.156,0.556,0.877,0.274,0.975,0.156
HSP,MAR-2DS,1/16/08,0.240,3.620,,,30.510,4.080,,,17.290,50.000,0.474,0.042,5.571,3.907,90.522,68.727,291.250,577.193,-0.460,-0.127,-0.110,-0.031,2.083,-0.460,-0.127,-0.110
HSP,MAR-2DS,1/23/08,0.250,5.400,,,14.010,2.510,,,15.250,50.000,0.474,0.042,5.571,3.907,90.522,68.727,291.250,577.193,2.890,0.535,0.722,0.134,2.000,2.890,0.535,0.722
HSP,MAR-2DS,1/31/08,0.520,3.640,,,15.180,3.855,,,8.810,50.000,0.474,0.042,5.571,3.907,90.522,68.727,291.250,577.193,-0.220,-0.059,-0.112,-0.031,0.962,-0.215,-0.059,-0.112
HSP,MAR-2DS,2/5/08,0.450,2.220,,,,2.580,,,,50.000,0.474,0.042,5.571,3.907,90.522,68.727,291.250,577.193,-0.360,-0.162,-0.162,-0.073,1.111,-0.360,-0.162,-0.162
HSP,MAR-2DS,2/14/08,0.360,0.338,,,15.690,0.363,,,13.030,50.000,0.474,0.042,5.571,3.907,90.522,68.727,291.250,577.193,-0.030,-0.075,-0.009,-0.027,1.389,-0.025,-0.075,-0.009
HSP,MAR-2DS,2/21/08,0.390,0.262,,,15.100,0.137,,,12.820,50.000,0.474,0.042,5.571,3.907,90.522,68.727,291.250,577.193,0.120,0.477,0.049,0.186,1.282,0.125,0.477,0.049
HSP,MAR-2DS,2/27/08,0.420,0.963,,,13.440,0.554,,,12.440,50.000,0.474,0.042,5.571,3.907,90.522,68.727,291.250,577.193,0.410,0.425,0.172,0.178,1.190,0.409,0.425,0.172
HSP,MAR-2DS,3/5/08,0.240,0.576,,,,0.007,,,,50.000,0.474,0.042,5.571,3.907,90.522,68.727,291.250,577.193,0.570,0.988,0.136,0.237,2.083,0.569,0.988,0.136
HSP,MAR-2DS,3/12/08,0.090,0.239,,,,0.011,,,,50.000,0.474,0.042,5.571,3.907,90.522,68.727,291.250,577.193,0.230,0.952,0.020,0.086,5.556,0.227,0.952,0.020
HSP,MAR-2DS,3/19/08,0.090,0.281,,,,0.000,,,,50.000,0.332,0.027,6.163,4.714,89.124,38.062,265.313,450.963,0.280,1.000,0.025,0.090,5.556,0.281,1.000,0.025
HSP,MAR-3CS,1/16/08,0.130,3.620,,,30.510,7.697,,,7.100,50.000,0.332,0.027,6.163,4.714,89.124,38.062,265.313,450.963,-4.080,-1.126,-0.530,-0.146,3.846,-4.077,-1.126,-0.530
HSP,MAR-3CS,1/23/08,0.080,5.400,,,,6.866,,,,50.000,0.332,0.027,6.163,4.714,89.124,38.062,265.313,450.963,-1.470,-0.271,-0.117,-0.022,6.250,-1.466,-0.271,-0.117
HSP,MAR-3CS,1/31/08,0.130,3.640,,,15.180,3.485,,,11.970,50.000,0.332,0.027,6.163,4.714,89.124,38.062,265.313,450.963,0.150,0.043,0.020,0.006,3.846,0.155,0.043,0.020
HSP,MAR-3CS,2/5/08,0.150,2.220,,,3.440,2.020,,,18.960,50.000,0.332,0.027,6.163,4.714,89.124,38.062,265.313,450.963,0.200,0.090,0.030,0.014,3.333,0.200,0.090,0.030
HSP,MAR-3CS,2/14/08,0.150,0.338,,,15.690,0.130,,,18.990,50.000,0.332,0.027,6.163,4.714,89.124,38.062,265.313,450.963,0.210,0.617,0.031,0.092,3.333,0.208,0.617,0.031
HSP,MAR-3CS,2/21/08,0.190,0.262,,,15.100,0.084,,,12.260,50.000,0.332,0.027,6.163,4.714,89.124,38.062,265.313,450.963,0.180,0.681,0.034,0.129,2.632,0.178,0.681,0.034
HSP,MAR-3CS,2/27/08,0.260,0.963,,,13.440,0.024,,,11.470,50.000,0.332,0.027,6.163,4.714,89.124,38.062,265.313,450.963,0.940,0.975,0.244,0.253,1.923,0.938,0.975,0.244
HSP,MAR-3CS,3/5/08,0.390,0.576,,,,0.008,,,,50.000,0.332,0.027,6.163,4.714,89.124,38.062,265.313,450.963,0.570,0.986,0.221,0.385,1.282,0.568,0.986,0.221
HSP,MAR-3CS,3/12/08,0.430,0.239,,,16.670,0.006,,,13.170,50.000,0.332,0.027,6.163,4.714,89.124,38.062,265.313,450.963,0.230,0.973,0.100,0.418,1.163,0.232,0.973,0.100
HSP,MAR-3CS,3/19/08,0.490,0.281,,,21.630,0.020,,,14.770,50.000,0.337,0.026,4.949,3.805,91.246,86.095,266.873,467.050,0.260,0.927,0.128,0.454,1.020,0.261,0.927,0.128
HSP,MAR-3DS,1/31/08,0.080,3.640,,,15.180,2.010,,,6.600,50.000,0.337,0.026,4.949,3.805,91.246,86.095,266.873,467.050,1.630,0.448,0.130,0.036,6.250,1.630,0.448,0.130
HSP,MAR-3DS,2/5/08,0.110,2.220,,,3.440,0.993,,,17.480,50.000,0.337,0.026,4.949,3.805,91.246,86.095,266.873,467.050,1.230,0.553,0.135,0.061,4.545,1.227,0.553,0.135
HSP,MAR-3DS,2/14/08,0.210,0.338,,,15.690,0.993,,,14.450,50.000,0.337,0.026,4.949,3.805,91.246,86.095,266.873,467.050,-0.660,-1.941,-0.138,-0.408,2.381,-0.655,-1.941,-0.138
HSP,MAR-3DS,2/21/08,0.250,0.262,,,15.100,0.132,,,11.330,50.000,0.337,0.026,4.949,3.805,91.246,86.095,266.873,467.050,0.130,0.497,0.033,0.124,2.000,0.130,0.497,0.033
HSP,MAR-3DS,2/27/08,0.250,0.963,,,13.440,0.078,,,25.370,50.000,0.337,0.026,4.949,3.805,91.246,86.095,266.873,467.050,0.880,0.919,0.221,0.230,2.000,0.885,0.919,0.221
HSP,MAR-3DS,3/5/08,0.250,0.576,,,,0.131,,,,50.000,0.337,0.026,4.949,3.805,91.246,86.095,266.873,467.050,0.440,0.772,0.111,0.193,2.000,0.445,0.772,0.111
HSP,MAR-3DS,3/12/08,0.220,0.239,,,16.670,0.007,,,11.920,50.000,0.337,0.026,4.949,3.805,91.246,86.095,266.873,467.050,0.230,0.969,0.051,0.213,2.273,0.231,0.969,0.051
HSP,MAR-3DS,3/19/08,0.200,0.281,,,21.630,0.005,,,12.710,50.000,0.340,0.030,5.230,3.898,90.872,79.289,257.683,454.890,0.280,0.981,0.055,0.196,2.500,0.276,0.981,0.055
HSP,MAR-4DS,1/16/08,0.260,3.620,,,30.510,2.320,,,,50.000,0.340,0.030,5.230,3.898,90.872,79.289,257.683,454.890,1.300,0.359,0.338,0.093,1.923,1.300,0.359,0.338
HSP,MAR-4DS,1/23/08,0.220,5.400,,,14.010,1.750,,,5.310,50.000,0.340,0.030,5.230,3.898,90.872,79.289,257.683,454.890,3.650,0.676,0.803,0.149,2.273,3.650,0.676,0.803
HSP,MAR-4DS,1/31/08,0.350,3.640,,,15.180,2.300,,,11.250,50.000,0.340,0.030,5.230,3.898,90.872,79.289,257.683,454.890,1.340,0.368,0.469,0.129,1.429,1.340,0.368,0.469
HSP,MAR-4DS,2/5/08,0.300,2.220,,,3.440,0.838,,,18.880,50.000,0.340,0.030,5.230,3.898,90.872,79.289,257.683,454.890,1.380,0.622,0.414,0.187,1.667,1.382,0.622,0.414
HSP,MAR-4DS,2/14/08,0.400,0.338,,,15.690,0.005,,,20.070,50.000,0.340,0.030,5.230,3.898,90.872,79.289,257.683,454.890,0.330,0.985,0.133,0.394,1.250,0.333,0.985,0.133
HSP,MAR-4DS,2/21/08,0.400,0.262,,,15.100,0.078,,,10.430,50.000,0.340,0.030,5.230,3.898,90.872,79.289,257.683,454.890,0.180,0.703,0.074,0.281,1.250,0.184,0.703,0.074
HSP,MAR-4DS,2/27/08,0.350,0.963,,,13.440,0.036,,,11.230,50.000,0.340,0.030,5.230,3.898,90.872,79.289,257.683,454.890,0.930,0.963,0.324,0.337,1.429,0.927,0.963,0.324
HSP,MAR-4DS,3/5/08,0.350,0.576,,,,0.007,,,,50.000,0.340,0.030,5.230,3.898,90.872,79.289,257.683,454.890,0.570,0.988,0.199,0.346,1.429,0.569,0.988,0.199
HSP,MAR-4DS,3/12/08,0.240,0.239,,,16.670,0.020,,,12.940,50.000,0.340,0.030,5.230,3.898,90.872,79.289,257.683,454.890,0.220,0.918,0.053,0.220,2.083,0.219,0.918,0.053
HSP,MAR-4DS,3/19/08,0.360,0.281,,,21.630,0.044,,,15.210,50.000,0.340,0.030,5.230,3.898,90.872,79.289,257.683,454.890,0.240,0.844,0.085,0.304,1.389,0.237,0.844,0.085